Book,Chapter,Entities
Harry Potter and the Sorcerer's Stone,1,"Vernon Dursley, Petunia Dursley, Number Four Privet Drive, Grunnings, Dudley Dursley, owl, cat, the Potters, muggles, You-Know-Who, the Dursleys, Headmaster Albus Dumbledore, Deluminator, Professor McGonagall, James Potter, Lily Potter, Lord Voldemort, Potter cottage, Godric's Hollow, Harry Potter, Rubeus Hagrid, flying motorbike, orphaned baby, Sirius Black, the boy who lived"
Harry Potter and the Sorcerer's Stone,2,"the Dursleys, Harry Potter, doorstep, Number Four Privet Drive, Dudley Dursley, cupboard under the stairs, spiders, Petunia Dursley, flying motorbike, Dudley's 11th birthday, Dudley's old clothes, jet-black hair, green eyes, glasses, lightning-shaped scar, forehead, car crash, parents, Vernon Dursley, Arabella Figg, zoo, Piers Polkiss, Boa constrictor, Parseltongue, vanishing glass incident"
Harry Potter and the Sorcerer's Stone,3,"cupboard under the stairs, Dudley Dursley, Number Four Privet Drive, Piers Polkiss, Smeltings Academy, Stonewall High, Vernon Dursley, Vernon Dursley's sister, Harry Potter, letter, yellow parchment envelope, Lion, Snake, Badger, Eagle, Petunia Dursley, Dudley's second bedroom, letterbox, letters, fireplace, gloomy hotel, Harry's 11th birthday, yellow parchment envelope"
Harry Potter and the Sorcerer's Stone,4,"Rubeus Hagrid, Harry Potter, Vernon Dursley, Petunia Dursley, Dudley Dursley, rifle, birthday cake, Keeper of Keys and Grounds, Hogwarts School of Witchcraft and Wizardry, sausages, wizard, Harry’s acceptance letter, 1st September, parchment, quill, Headmaster Albus Dumbledore, Muggle, Lily Potter, James Potter, witch, Dark wizard, Lord Voldemort, scar, ruins of the house, Number Four Privet Drive, umbrella, pig’s tail, expelled, magic, Hagrid’s coat"
Harry Potter and the Sorcerer's Stone,5,"Harry Potter, Rubeus Hagrid, Hogwarts School of Witchcraft and Wizardry, owl, newspaper, Gringotts, goblins, Dumbledore, Ministry of Magic, Cornelius Fudge, Muggles, dragons, Hogwarts supply list, Leaky Cauldron, Doris Crockford, Dedalus Diggle, Quirinus Quirrell, Defence Against the Dark Arts, umbrella, Diagon Alley, Gringotts Bank, Goblin, Griphook, Harry’s vault, Vault 713, Bronze Knuts, Silver Sickles, Gold Galleons, grubby little package, Madam Malkin's Robes for All Occasions, pale-faced boy, Quidditch, broomstick, Slytherin, Hufflepuff, four Hogwarts houses, blood status, Ollivanders, Mr Ollivander, Harry’s scar, holly wand, eleven inches, phoenix feather core, Voldemort’s wand, Hedwig, snowy owl, Hogwarts Express, train ticket, Muggle world"
Harry Potter and the Sorcerer's Stone,6,"Harry Potter, Vernon Dursley, Petunia Dursley, Dudley Dursley, Hedwig, smallest bedroom, King’s Cross Station, Platform Nine and Three-Quarters, train ticket, Molly Weasley, Fred Weasley, George Weasley, Ron Weasley, Scabbers, sweets, Quidditch, Bertie Bott's Every Flavour Beans, Famous Witches and Wizards cards, Albus Dumbledore, Hermione Granger, Neville Longbottom, Trevor, Draco Malfoy, Crabbe, Goyle, Hogwarts Express, Hogsmeade Station, Hagrid, Lake, Hogwarts"
Harry Potter and the Sorcerer's Stone,7,"Professor Minerva McGonagall, Gryffindor, Hufflepuff, Ravenclaw, Slytherin, Quidditch, House Cup, Hogwarts ghosts, Peeves, Great Hall, Sorting Hat, Hermione Granger, Ron Weasley, Draco Malfoy, Harry Potter, feast, Sir Nicholas de Mimsy-Porpington, Nearly Headless Nick, Neville Longbottom, Seamus Finnigan, Muggle, Professor Quirrell, Professor Severus Snape, Potions, Albus Dumbledore, Forbidden Forest, 3rd-floor corridor, Peeves, Fat Lady, Gryffindor Tower, Percy Weasley, password, dream, green light"
Harry Potter and the Sorcerer's Stone,8,"Harry Potter, Hogwarts, Nearly-Headless Nick, Peeves, Argus Filch, Ron Weasley, Third-floor corridor, Professor Quirrell, History of Magic, Professor Binns, Transfiguration, Professor McGonagall, Hermione Granger, Defence Against the Dark Arts, vampire, Romania, zombie, African prince, Hedwig, Hagrid, Potions, Professor Severus Snape, Fang, Daily Prophet, Gringotts, vault 713"
Harry Potter and the Sorcerer's Stone,9,"Harry Potter, Hogwarts, Gryffindor, Slytherin, Draco Malfoy, Madam Hooch, Neville Longbottom, Hospital Wing, Remembrall, Professor McGonagall, Oliver Wood, Gryffindor Quidditch team, Seeker, Ron Weasley, Vincent Crabbe, Gregory Goyle, wizard’s duel, Hermione Granger, Fat Lady, Argus Filch, Mrs Norris, Trophy Room, third floor corridor, three-headed dog, trapdoor"
Harry Potter and the Sorcerer's Stone,10,"Harry Potter, Ron Weasley, Nimbus 2000, Professor McGonagall, Draco Malfoy, Professor Flitwick, Oliver Wood, Quidditch, Seeker, Golden Snitch, Wingardium Leviosa, Hermione Granger, Hallowe’en feast, Professor Quirrell, Defence Against the Dark Arts, twelve-foot troll, girls’ bathroom, teamwork, magic, Professor McGonagall"
Harry Potter and the Sorcerer's Stone,11,"Harry Potter, Quidditch, Hermione Granger, Professor Severus Snape, Argus Filch, three-headed dog, cut on leg, Slytherin Captain, Dark magic, broomstick, Weasley twins, Quirinus Quirrell, Hagrid, Ron Weasley, third-floor corridor, Fluffy, Albus Dumbledore, Nicolas Flamel"
Harry Potter and the Sorcerer's Stone,12,"Harry Potter, Draco Malfoy, Hogwarts, Ron Weasley, Mr Weasley, Mrs Weasley, Charlie Weasley, Romania, Hermione Granger, Hagrid, Madam Pince, Christmas Day, flute, 50 pence coin, Dursleys, fudge, Chocolate Frogs, knitted jumper, Invisibility Cloak, Harry's father, library restricted-books section, Argus Filch, Professor Severus Snape, old classroom, Mirror of Erised, Harry’s parents, Ron Weasley, Quidditch Cup, Mrs Norris, Albus Dumbledore"
Harry Potter and the Sorcerer's Stone,13,"Harry Potter, Neville Longbottom, Draco Malfoy, Nicolas Flamel, Hermione Granger, Philosopher's Stone, Severus Snape, Gryffindor, Hufflepuff, Ron Weasley, Vincent Crabbe, Gregory Goyle, Quidditch match, broomstick, Forbidden Forest, Quirinus Quirrell"
Harry Potter and the Sorcerer's Stone,14,"Harry, Ron, Hermione, Hagrid, Philosopher’s Stone, Fluffy, three-headed dog, Professors Sprout, Flitwick, McGonagall, Quirrell, Snape, Norwegian Ridgeback dragon, Norbert, Malfoy, Charlie Weasley, Madam Pomfrey, Invisibility Cloak, detention, Filch"
Harry Potter and the Sorcerer's Stone,15,"Filch, Harry, Hermione, McGonagall, Neville, detention, Malfoy, Professor Quirrell, Snape, Stone, Dumbledore, Forbidden Forest, Hagrid, silver unicorn blood, unicorn, centaurs, Ronan, Bane, red sparks, Fang, Firenze, Elixir of Life, Voldemort, common room, Invisibility Cloak, Ron"
Harry Potter and the Sorcerer's Stone,16,"Hagrid, dragon, stranger, Norbert, Hogwarts, Fluffy, three-headed dog, Dumbledore, McGonagall, London, Snape, Philosopher's Stone, Hermione, Full Body-Bind Curse, Neville, third-floor room, flute, Christmas gift, trapdoor, Professor Sprout, Devil’s Snare, fire, Professor Flitwick, flying keys, broomsticks, silver key, broken wing, Professor McGonagall, Wizard’s Chess, Ron, sacrifice, knocked out, Professor Quirrell, unconscious troll, Professor Snape, potions, logic puzzle, poison, nettle wine, purple flame, black flame, final room, surprise, Harry"
Harry Potter and the Sorcerer's Stone,17,"Quirrell, Harry, Snape, Mirror of Erised, Lord Voldemort, snake-like voice, Philosopher's Stone, shaking hands with Dumbledore, House Cup, Gryffindor, turban, Voldemort's face, burns on Quirrell, hospital wing, Dumbledore, Stone destroyed, Voldemort’s return, Harry’s mother’s protection, Snape’s grudging protection, James Potter, Ron, Hermione, Slytherin, Ravenclaw, Madam Pomfrey, Hagrid, book of photos, end of term feast, last-minute points, 50 points Ron, 50 points Hermione, 60 points Harry, 10 points Neville, Gryffindor wins House Cup, Slytherin disappointment, trunks packed, Hogwarts Express, goodbyes, muggle world"
Harry Potter and the Chamber of Secrets,1,"Harry Potter, Dursleys, Uncle Vernon, Hogwarts School of Witchcraft and Wizardry, Gryffindor House, Hedwig, Vernon, Ron Weasley, Hermione Granger, Mr Mason, Dudley, Aunt Petunia"
Harry Potter and the Chamber of Secrets,2,"Dobby, Harry, Uncle Vernon, Dudley, Ministry of Magic, Mrs Mason"
Harry Potter and the Chamber of Secrets,3,"Ron Weasley, Fred Weasley, George Weasley, Harry Potter, Dobby, Dursleys, Nimbus 2000, The Burrow, Malfoys, Lucius Malfoy, Voldemort, Molly Weasley, Arthur Weasley, Ginny Weasley, Gilderoy Lockhart"
Harry Potter and the Chamber of Secrets,4,"Harry Potter, The Burrow, Weasleys, Arthur Weasley, Molly Weasley, Diagon Alley, Floo Powder, Knockturn Alley, Borgin and Burkes, Lucius Malfoy, Draco Malfoy, Mr Borgin, Ministry of Magic, Muggle Protection Act, Hagrid, Hermione Granger, Flourish and Blotts, Gilderoy Lockhart, Hogwarts, Daily Prophet, Ginny Weasley"
Harry Potter and the Chamber of Secrets,5,"Harry Potter, Weasleys, King's Cross Station, Ford Anglia, Fred Weasley, George Weasley, Ginny Weasley, Hogwarts Express, Ron Weasley, Platform Nine and Three-Quarters, Muggles, Whomping Willow, Forbidden Forest, Professor Snape, Albus Dumbledore, Professor McGonagall, Hogwarts, Hedwig"
Harry Potter and the Chamber of Secrets,6,"Ron Weasley, Howler, Great Hall, Minerva McGonagall, Herbology, Hufflepuffs, Professor Sprout, Mandrake seedlings, Transfiguration, Spellotape, Gilderoy Lockhart, Defence Against the Dark Arts, Harry Potter, Colin Creevey"
Harry Potter and the Chamber of Secrets,7,"Gryffindor Quidditch team, Saturday morning, Oliver Wood, Slytherin Quidditch team, Nimbus 2001 broomsticks, Malfoy, Hermione Granger, Mudblood, Ron Weasley, Hagrid, Muggle-Borns, Purebloods, Hogwarts castle, Professor McGonagall, Harry Potter, Gilderoy Lockhart"
Harry Potter and the Chamber of Secrets,8,"Argus Filch, Harry Potter, Nearly Headless Nick, Deathday Party, Hallowe’en, Ron Weasley, Hermione Granger, Moaning Myrtle, Great Hall, Mrs Norris, torch bracket, THE CHAMBER OF SECRETS, Malfoy"
Harry Potter and the Chamber of Secrets,9,"Filch, Snape, Harry Potter, Dumbledore, Professor Sprout, mandrakes, Mrs Norris, Hermione Granger, Professor Binns, History of Magic, Salazar Slytherin, Hogwarts, Muggle-borns, Chamber of Secrets, Heir of Slytherin"
Harry Potter and the Chamber of Secrets,10,"Harry Potter, Ron Weasley, Hermione Granger, Draco Malfoy, Slytherin House, Pureblood, Voldemort, Gilderoy Lockhart, Moste Potente Potions, Restricted Section, Severus Snape, Moaning Myrtle, Bludger, Golden Snitch, Madam Pomfrey, Skele-Gro, Hospital Wing, Dobby, Platform Nine and Three-Quarters, Albus Dumbledore, Minerva McGonagall, Colin Creevey, Chamber of Secrets"
Harry Potter and the Chamber of Secrets,11,"Harry Potter, Moaning Myrtle, Hermione Granger, Ron Weasley, Severus Snape, Minerva McGonagall, Draco Malfoy, Vincent Crabbe, Gregory Goyle, Gilderoy Lockhart, Potions class, Filibuster firework, Duelling Club, Justin Finch-Fletchley, Parseltongue, Salazar Slytherin, Hagrid, Hogwarts roosters, Nearly-Headless Nick, Peeves, Ernie Macmillan, Hufflepuff"
Harry Potter and the Chamber of Secrets,12,"Harry Potter, Albus Dumbledore, Fawkes, Hagrid, Slytherin, Christmas, Polyjuice Potion, Hermione Granger, Crabbe, Goyle, Millicent Bulstrode, Draco Malfoy, Lucius Malfoy, Slytherin common room"
Harry Potter and the Chamber of Secrets,13,"Ron Weasley, Harry Potter, Argus Filch, Moaning Myrtle, T.M. Riddle, Hermione Granger, Lockhart, Ginny Weasley, Draco Malfoy, Percy Weasley, Armando Dippet, Albus Dumbledore, Hagrid, Acromantula, Aragog"
Harry Potter and the Chamber of Secrets,14,"Harry Potter, Ron Weasley, Hermione Granger, Tom Riddle's Diary, Gryffindor, Minerva McGonagall, Ravenclaw, Hagrid, Cornelius Fudge, Minister for Magic, Albus Dumbledore, Lucius Malfoy, Hogwarts"
Harry Potter and the Chamber of Secrets,15,"Harry Potter, Ron Weasley, Hermione Granger, Fang, Arthur Weasley, Aragog, Hagrid, Mosag, Moaning Myrtle, Ford Anglia, Forbidden Forest, Hogwarts"
Harry Potter and the Chamber of Secrets,16,"Professor McGonagall, Harry Potter, Ron Weasley, Gilderoy Lockhart, Hermione Granger, Basilisk, Colin Creevey, Justin Finch-Fletchley, Nearly-Headless Nick, Mrs Norris, Penelope Clearwater, Hagrid, Moaning Myrtle, Ginny Weasley, Slytherin, Hogwarts"
Harry Potter and the Chamber of Secrets,17,"Harry Potter, Ginny Weasley, Tom Riddle, Dumbledore, Hogwarts, Transfiguration professor, Hagrid, Basilisk, Moaning Myrtle, Lord Voldemort, Fawkes, Sorting Hat, sword of Godric Gryffindor, Ron Weasley, Gilderoy Lockhart"
Harry Potter and the Chamber of Secrets,18,"McGonagall, Harry Potter, Ron Weasley, Ginny Weasley, Dumbledore, Arthur Weasley, Molly Weasley, Voldemort, Godric Gryffindor, Lucius Malfoy, Dobby, Riddle’s diary, Flourish and Blotts, Muggle Protection Act, Azkaban, Lockhart, King’s Cross, Fred Weasley, George Weasley, Percy Weasley, Penelope Clearwater, Ravenclaw, Sock"
Harry Potter and the Prisoner of Azkaban,1,"Harry Potter, Dursleys, Aunt Petunia, Dudley Dursley, Uncle Vernon, Ron Weasley, Hermione Granger, Hedwig, Rubeus Hagrid, Arthur Weasley, Daily Prophet, Bill Weasley, Percy Weasley, Minerva McGonagall, Hogsmeade, Hogwarts"
Harry Potter and the Prisoner of Azkaban,2,"Harry, Uncle Vernon, Dudley Dursley, Sirius Black, Muggle Prime Minister, London, Marjorie ""Marge"" Dursley, Hedwig, Weasleys, James Potter, Hogwarts"
Harry Potter and the Prisoner of Azkaban,3,"Magnolia Crescent, black dog, Harry, Knight Bus, Stan Shunpike, Ernie Prang, Leaky Cauldron, London, Daily Prophet, Sirius Black, Azkaban, Lord Voldemort, Potters, Minister for Magic, Cornelius Fudge, Ron, Hagrid's Hut, Marge, Decree for the Reasonable Restriction of Underage Sorcery, Hogsmeade"
Harry Potter and the Prisoner of Azkaban,4,"Harry, Diagon Alley, Ron, Hermione, Weasleys, Leaky Cauldron, Hermione's birthday money, magical pet, Crookshanks, Ron, Scabbers, Ron's parents, Arthur Weasley, Molly Weasley, Voldemort, Black, Harry, Cornelius Fudge, Hogwarts, Albus Dumbledore"
Harry Potter and the Prisoner of Azkaban,5,"Arthur, Harry, Black, Mr Weasley, Mrs Weasley, Hogwarts Express, Harry, Ron, Hermione, Professor Remus Lupin, Defence Against the Dark Arts teacher, Dementor, Azkaban Guards, Sirius Black, Hogwarts, Draco Malfoy, Professor McGonagall, Owl Post, Madam Pomfrey, Great Hall, Albus Dumbledore, Hagrid, Care of Magical Creatures teacher, Professor Kettleburn, Dementors"
Harry Potter and the Prisoner of Azkaban,6,"Harry, Ron, Hermione, North Tower, Divination lesson, Sybill Trelawney, tea leaves, black dog, Grim, Minerva McGonagall, Transfiguration, Care of Magical Creatures lesson, Hagrid, hippogriffs, Buckbeak, Malfoy, hospital wing, Gryffindor Tower"
Harry Potter and the Prisoner of Azkaban,7,"Malfoy, heavily bandaged arm, Hogwarts, Sirius Black, Potions lesson, Harry, Malfoy hinting connection to past, Defence Against the Dark Arts, Remus Lupin, third years, Boggarts, shape-shifters, worst fears, Harry’s Boggart, Dementor, glowing orb, Lupin repelling Boggart, Harry disappointed"
Harry Potter and the Prisoner of Azkaban,8,"Gryffindor Quidditch team, Oliver Wood, Hogwarts, Quidditch Cup, Third years, Hogsmeade, Halloween, Harry, Uncle Vernon, Remus Lupin, Snape, mysterious potion, Lord Voldemort, Ron, Hermione, Fat Lady portrait, Peeves, Sirius Black, Gryffindor Tower, Dumbledore, Argus Filch, Percy"
Harry Potter and the Prisoner of Azkaban,9,"Great Hall, teachers, Sirius Black, Snape, Dumbledore, Fat Lady, Sir Cadogan the Mad Knight, Gryffindor House, Percy Weasley, Professor McGonagall, Madam Hooch, Gryffindor Quidditch team, Slytherin, Hufflepuff, Lupin, werewolves, Harry, Dementors, Nimbus 2000 broomstick, Whomping Willow, Hospital Wing, Oliver Wood, Cedric Diggory"
Harry Potter and the Prisoner of Azkaban,10,"Madam Pomfrey, Harry, Lupin, Hermione, Dementors, Quidditch, Hufflepuff, Ravenclaw, Gryffindor, Fred, George, Marauder's Map, Hogwarts, Ron, Honeydukes, Three Broomsticks, Madam Rosmerta, Cornelius Fudge, Minerva McGonagall, Filius Flitwick, Rubeus Hagrid, Sirius Black, James Potter, Voldemort, Dumbledore, Fidelius Charm, Secret Keeper, Peter Pettigrew, Azkaban, Muggles"
Harry Potter and the Prisoner of Azkaban,11,"Harry, Sirius Black, Ron, Hermione, Hagrid, Buckbeak, Committee for the Disposal of Dangerous Creatures, Dementors, Azkaban, Firebolt, Crookshanks, Scabbers, McGonagall"
Harry Potter and the Prisoner of Azkaban,12,"Harry, Hermione, Ron, Crookshanks, Scabbers, Lupin, James Potter, Sirius Black, Slytherin, Ravenclaw, Gryffindor, McGonagall, Daily Prophet, Neville, Sir Cadogan, Firebolt"
Harry Potter and the Prisoner of Azkaban,13,"Harry, Firebolt, Cho Chang, Dementors, Draco Malfoy, Vincent Crabbe, Gregory Goyle, Marcus Flint, Slytherin team, Lupin, McGonagall, Ron, Hermione, Sirius Black, Sir Cadogan, Neville, Gryffindor, Ravenclaw"
Harry Potter and the Prisoner of Azkaban,14,"Sirius Black, Professor Flitwick, Argus Filch, Hogsmeade, Sir Cadogan, Fat Lady, Ron, Neville, Professor McGonagall, Augusta Longbottom, Hagrid, Harry, Hermione, Marauder's Map, Shrieking Shack, Malfoy, Vincent Crabbe, Gregory Goyle, Snape, Lupin, Gryffindor Tower, Ministry of Magic, Buckbeak"
Harry Potter and the Prisoner of Azkaban,15,"Buckbeak, Ron, Hermione, Harry, Malfoy, Hagrid, Charms class, Divination class, Crookshanks, Gryffindor, Slytherin, Golden Snitch, Quidditch Cup"
Harry Potter and the Prisoner of Azkaban,16,"Students, Buckbeak, Harry, Hermione, Ron, Trelawney, Voldemort, Committee for the Disposal of Dangerous Creatures, Dumbledore, Fudge, Walden Macnair, one-eyed witch, Scabbers"
Harry Potter and the Prisoner of Azkaban,17,"Scabbers, Ron, Harry, Hermione, black dog, Crookshanks, Whomping Willow, Shrieking Shack, Sirius Black, Animagus, Lupin, Hermione, Snape, Boggart, Marauder's Map, Buckbeak, Peter Pettigrew"
Harry Potter and the Prisoner of Azkaban,18,"Harry, Ron, Hermione, Pettigrew, Black, Lupin, Marauders, Snape, Wolfsbane Potion, Dumbledore, Hogwarts, Shrieking Shack, Whomping Willow, Sirius, James Potter, Animagi, Hogsmeade, Snape"
Harry Potter and the Prisoner of Azkaban,19,"Snape, Lupin, Sirius Black, Harry, Ron, Hermione, Peter Pettigrew / Scabbers, Weasleys, Daily Prophet, Crookshanks, Neville, James Potter, Lily Potter, Voldemort, Dementors, Gryffindor Tower"
Harry Potter and the Prisoner of Azkaban,20,"Sirius Black, Harry, James Potter, Lily Potter, parents, Lupin, Wolfsbane Potion, Peter Pettigrew, Ron, Hermione, Forbidden Forest, Black Lake, Dementors"
Harry Potter and the Prisoner of Azkaban,21,"Harry, Hermione, Dumbledore, Buckbeak, West Tower, Dementor's Kiss, Snape, Cornelius Fudge, Minister Cornelius Fudge, McGonagall, Time-Turner, Hagrid, Whomping Willow, Forbidden Forest, Lupin, Macnair, Dementors, Sirius Black, Prongs (James Potter's Patronus form), James Potter"
Harry Potter and the Prisoner of Azkaban,22,"Harry, Hermione, Dumbledore, Snape, Fudge, Black, Ron, Lupin, Slytherin house, James, Trelawney, Voldemort, Pettigrew, Prongs, Gryffindor, Quidditch Cup, House Cup, London, Hogwarts Express, Time-Turner, Muggle Studies, Quidditch World Cup, Crookshanks, Firebolt, Hogsmeade, Sirius, Pigwidgeon, Ginny, King's Cross, Little Whinging, Uncle Vernon, godfather, wizard prison"
Harry Potter and the Goblet of Fire,1,"Frank Bryce, Tom Riddle Senior, Tom Riddle Junior, Lord Voldemort, Peter Pettigrew, Harry Potter, Bertha Jorkins, Riddles' maid, Riddles' cook, Dursleys, Riddle House, Little Whinging, Surrey, Privet Drive, drawing room, Nagini, Avada Kedavra, Parseltongue, Ministry of Magic, Muggles, wizards"
Harry Potter and the Goblet of Fire,2,"Harry Potter, Ron Weasley, Hermione Granger, Albus Dumbledore, Sirius Black, Peter Pettigrew, Remus Lupin, Hogwarts, Hedwig, wizarding world"
Harry Potter and the Goblet of Fire,3,"Aunt Petunia, Molly Weasley, Dursleys, Hermione Granger, Weasley family, Quidditch World Cup, Ireland, Bulgaria, Vernon Dursley, Sirius Black, Harry Potter, Ron Weasley, Pigwidgeon, The Burrow, Hedwig"
Harry Potter and the Goblet of Fire,4,"Weasleys, Floo Powder, Dursley household, electric fireplace, Dursleys, Mr Weasley, sitting room, Fred Weasley, Ton-Tongue Toffee, Dudley Dursley, Harry Potter, The Burrow, Uncle Vernon, china figurines"
Harry Potter and the Goblet of Fire,5,"The Burrow, Harry Potter, Ron Weasley, Bill Weasley, Charlie Weasley, Mr Weasley, Dudley Dursley, Muggle-wizard relations, twins, Mrs Weasley, Molly Weasley, Weasleys' Wizard Wheezes, Fred Weasley, George Weasley, Ministry of Magic, Hermione Granger, Quidditch World Cup, Sirius Black, Bertha Jorkins, Percy Weasley"
Harry Potter and the Goblet of Fire,6,"Harry Potter, Hermione Granger, Weasleys, Bill Weasley, Charlie Weasley, Percy Weasley, Mrs Weasley, Quidditch World Cup Final, Portkey, Mr Weasley, Britain, Stoatshead Hill, Cedric Diggory, Hufflepuff, Quidditch team, Amos Diggory, Fred Weasley, George Weasley, Gryffindor"
Harry Potter and the Goblet of Fire,7,"wizard campsite, Harry Potter, Ron Weasley, Hermione Granger, wizarding community, Weasley children, Ludo Bagman, Department of Magical Games and Sports, Fred Weasley, George Weasley, fake wand, Ireland, Bulgarian Seeker, Viktor Krum, Golden Snitch, Arthur Weasley, Bertha Jorkins, Percy Weasley, Barty Crouch, Department of International Magical Cooperation, Hogwarts"
Harry Potter and the Goblet of Fire,8,"Top Box, World Cup stadium, Harry Potter, Winky, house-elf, Dobby, Mr Crouch, Minister for Magic, Cornelius Fudge, Lucius Malfoy, Draco Malfoy, Weasleys, Malfoys, Ludo Bagman, mascots, Viktor Krum, Veela, Ireland, Golden Snitch, Quidditch World Cup, Fred Weasley, George Weasley"
Harry Potter and the Goblet of Fire,9,"campsite, masked wizards, Muggles, Mr Weasley, woods, Ron Weasley, Harry Potter, Hermione Granger, Fred Weasley, George Weasley, Ginny Weasley, Draco Malfoy, mudblood, Winky, Morsmordre, Dark Mark, Ministry of Magic, Barty Crouch, Death Eaters, Voldemort, Bill Weasley, Portkey"
Harry Potter and the Goblet of Fire,10,"campsite, The Burrow, Mrs Weasley, Daily Prophet, Rita Skeeter, Mr Weasley, Ministry of Magic, Percy Weasley, Ron Weasley, Harry Potter, Hermione Granger, Sirius Black, Dark Mark, Hogwarts, Quidditch World Cup, Bertha Jorkins, dress robes"
Harry Potter and the Goblet of Fire,11,"Harry Potter, Mr Weasley, Amos Diggory, Floo Network, Alastor Moody, Mad-Eye Moody, Auror, Charlie Weasley, Percy Weasley, King's Cross Station, Muggle taxi, Mrs Weasley, Bill Weasley, Hogwarts, wizarding schools, Europe, Hogwarts Express, Draco Malfoy, Quidditch World Cup"
Harry Potter and the Goblet of Fire,12,"Hogwarts castle, Peeves, Gryffindor Table, Sorting Ceremony, Harry Potter, Colin Creevey, Dennis Creevey, Gryffindor, Start-of-Term Feast, Nearly Headless Nick, house-elves, Hermione Granger, Professor Dumbledore, Quidditch, Weasley twins, Great Hall, Mad-Eye Moody, Defence Against the Dark Arts, Triwizard Tournament, Halloween, wizarding schools, Europe, Galleons, Barty Crouch, Department of International Cooperation, Ludo Bagman, Department of Games and Sports, British Ministry of Magic, Fred Weasley, George Weasley"
Harry Potter and the Goblet of Fire,13,"Harry Potter, Ron Weasley, Hermione Granger, Hedwig, Sirius Black, house-elf rights, Gryffindor, Herbology, Care of Magical Creatures, Hagrid, Blast-Ended Skrewts, Divination, Sybill Trelawney, Lavender Brown, Draco Malfoy, Daily Prophet, Arthur Weasley, Arnold Weasley, Rita Skeeter, Alastor Moody, Ministry of Magic, Mrs Weasley, white ferret, Professor McGonagall, Professor Snape, Fred Weasley, George Weasley, Lee Jordan, Defence Against the Dark Arts"
Harry Potter and the Goblet of Fire,14,"Mad-Eye Moody, Gryffindor, Unforgivable Curses, Neville Longbottom, Herbology book, Imperius Curse, Cruciatus Curse, Killing Curse, Azkaban, Common Room, Harry Potter, Ron Weasley, Divination homework, Fred Weasley, George Weasley, Hermione Granger, SPEW, house-elf rights, library, Hedwig, Sirius Black, Britain, Ministry of Magic"
Harry Potter and the Goblet of Fire,15,"Harry Potter, Sirius Black, Britain, Hedwig, Defence Against the Dark Arts, Mad-Eye Moody, Imperius Curse, Transfiguration, Professor McGonagall, O.W.L. examinations, Care of Magical Creatures, Beauxbatons Academy of Magic, Durmstrang Institute, Gryffindor, Potions, Professor Snape, antidotes, Hogwarts Castle, Fred Weasley, George Weasley, Triwizard Tournament, Hermione Granger, house-elves, Hogwarts Kitchen, snowy owl, Houses, Great Hall, flying carriage, submerged ship, Madame Maxime, Hagrid, Igor Karkaroff, Viktor Krum, Ron Weasley"
Harry Potter and the Goblet of Fire,16,"Beauxbatons, Ravenclaw table, Durmstrang, Slytherin table, Welcoming Feast, Hagrid, Ludo Bagman, Barty Crouch, Dumbledore, tournament, judges, headmasters, Champions, Goblet of Fire, Halloween, Igor Karkaroff, Harry Potter, Mad-Eye Moody, Great Hall, Age Line, Fred Weasley, George Weasley, Ageing Potion, Hospital Wing, grey beards, Madame Maxime, S.P.E.W., house-elves, Halloween feast, Viktor Krum, Bulgarian National Quidditch team, Fleur Delacour, Cedric Diggory, Hufflepuff"
Harry Potter and the Goblet of Fire,17,"Harry Potter, assembly, champions, headmasters, Goblet of Fire, Dumbledore, age-restricting barrier, Mad-Eye Moody, Barty Crouch, First Task, November 24, Second Task, end-of-year exams, tournament, Cedric Diggory, dormitories, Gryffindor Common Room, Gryffindor students, Ron Weasley"
Harry Potter and the Goblet of Fire,18,"Hermione Granger, Harry Potter, Ron Weasley, Sirius Black, school barn owl, Hedwig, Gryffindor, tournament, Potions, Slytherin, badges, Draco Malfoy, Goyle, Hospital Wing, Professor Snape, detention, Colin Creevey, Ludo Bagman, Rita Skeeter, Triwizard Tournament, closet, Wand weighing ceremony, Dumbledore, Mr Ollivander, champions, judges, photoshoot, Gryffindor Tower, fireplace, Gryffindor common room, November 22"
Harry Potter and the Goblet of Fire,19,"Harry Potter, Sirius Black, Rita Skeeter, news article, Ron Weasley, Ravenclaw, Cho Chang, first task, Gryffindor, Hogsmeade village, Hermione Granger, Invisibility Cloak, Three Broomsticks Inn, Butterbeer, Mad-Eye Moody, Hagrid, Madame Maxime, dragons, Charlie Weasley, dragon keepers, First Task, Cedric Diggory, Igor Karkaroff, common room, Floo Network, Death Eater, Goblet of Fire, Quidditch World Cup, Bertha Jorkins, Albania, Voldemort, Triwizard Tournament"
Harry Potter and the Goblet of Fire,20,"Harry Potter, Hermione Granger, library, dragons, Cedric Diggory, Mad-Eye Moody, Summoning Charm, Ludo Bagman, Golden egg, Hungarian Horntail, Firebolt, Quidditch, Ron Weasley, Goblet of Fire, Hogwarts, Slytherin, Charlie Weasley, Viktor Krum, Second Task, February 24, Golden Eggs, Rita Skeeter"
Harry Potter and the Goblet of Fire,21,"Ron Weasley, Harry Potter, Pigwidgeon, Sirius Black, first task, Gryffindor, golden egg, Hermione Granger, Fred Weasley, kitchen, house-elves, Rita Skeeter, Hagrid, Care of Magical Creatures, Dumbledore, Hogwarts Castle, Gryffindor Tower, kitchens, domestic elves, Dobby, Winky, free house-elf, Barty Crouch"
Harry Potter and the Goblet of Fire,22,"Transfiguration class, Professor McGonagall, Yule Ball, December 25, fourth years, Harry Potter, dance partner, champions, dates, Triwizard Tournament, Ron Weasley, Fred Weasley, George Weasley, Pigwidgeon, Sirius Black, Cho Chang, Cedric Diggory, Gryffindor common room, Ginny Weasley, Fleur Delacour, Hermione Granger, Neville Longbottom"
Harry Potter and the Goblet of Fire,23,"holidays, Hermione Granger, Ron Weasley, Yule Ball, Draco Malfoy, curse, front teeth, Madam Pomfrey, Mad-Eye Moody, Pigwidgeon, Sirius Black, first task, Christmas Day, Dobby, mismatched socks, wages, Mrs Weasley, dragon jumper, magical penknife, Great Hall, Viktor Krum, champions, judges' table, Barty Crouch, Percy Weasley, Crouch's assistant, Weird Sisters, Harry Potter, Patil sisters, opening dance, treason, Fred Weasley, George Weasley, Ludo Bagman, Igor Karkaroff, Professor Snape, Hagrid, Madame Maxime, Half-giant, giants, wizarding world, Cedric Diggory, golden egg, Prefects' bathroom, password, dragons"
Harry Potter and the Goblet of Fire,24,"Ron Weasley, Hermione Granger, Hagrid, half-giant, Harry Potter, Cedric Diggory, Cho Chang, Professor Grubbly-Plank, Care of Magical Creatures, Draco Malfoy, Rita Skeeter, giant heritage, Madam Maxime, Hogwarts, Hogsmeade, Three Broomsticks Inn, Ludo Bagman, goblins, Barty Crouch, Percy Weasley, Bertha Jorkins, tournament, Fred Weasley, George Weasley, Hagrid's cabin, Dumbledore, Hagrid's father, Tournament"
Harry Potter and the Goblet of Fire,25,"Harry Potter, Prefects' bathroom, golden egg, Invisibility Cloak, Marauder's Map, Moaning Myrtle, merpeople, Black Lake, Gryffindor tower, Barty Crouch, Professor Snape, Snape's office, trick stair, Filch, Mad-Eye Moody, Hogwarts, Dark wizard, Auror"
Harry Potter and the Goblet of Fire,26,"Harry Potter, Ron Weasley, Hermione Granger, Professor Snape, Goblet of Fire, Sirius Black, school owl, Professor McGonagall, Restricted Section, second task, Hogsmeade, library, Fred Weasley, George Weasley, Invisibility Cloak, Dobby, gillyweed, gills, fins, lake, Percy Weasley, Barty Crouch, Grindylows, Moaning Myrtle, Merpeople, Cho Chang, Fleur's sister, Cedric Diggory, Viktor Krum, Fleur Delacour, judges, moral fibre, Ludo Bagman, third task, June 24"
Harry Potter and the Goblet of Fire,27,"Sirius Black, Hogsmeade, food, Potions, Slytherin, Pansy Parkinson, Hermione Granger, Witch Weekly, Rita Skeeter, Harry Potter, Viktor Krum, Love Potions, Professor Snape, Slytherins, boomslang skin, gillyweed, Veritaserum, Igor Karkaroff, Ron Weasley, mountain cave, Buckbeak, Daily Prophet, Winky, World Cup, Top Box, Barty Crouch, Azkaban, Department of Magical Law Enforcement, Minister for Magic, Voldemort, Death Eaters, Aurors, Unforgivable Curses, Barty Crouch Junior, show trial, Crouch's wife, Cornelius Fudge, Department of International Magical Cooperation, tournament judge, Dumbledore, Dark Arts, Mad-Eye Moody, Percy Weasley, Hogwarts, Dark Mark"
Harry Potter and the Goblet of Fire,28,"Hedwig, Percy Weasley, kitchen, Dobby, socks, Harry Potter, Winky, butterbeer, house-elves, Barty Crouch, hate mail, Hermione Granger, Rita Skeeter, Hospital Wing, Care of Magical Creatures, Hagrid, Nifflers, gold coins, Leprechaun gold, Easter, Mrs Weasley, Easter eggs, Ron Weasley, May 24, champions, Quidditch pitch, Ludo Bagman, magical maze, Triwizard Cup, Viktor Krum, Forbidden Forest, Dumbledore, Voldemort, Bertha Jorkins, Igor Karkaroff, Gryffindor Tower, Sirius Black"
Harry Potter and the Goblet of Fire,29,"Harry Potter, Ron Weasley, Hermione Granger, Barty Crouch, Voldemort, Owlery, Sirius Black, Fred Weasley, George Weasley, blackmail, Joke Shop, Percy Weasley, Mad-Eye Moody, Ministry of Magic, final task, Third Task, defensive spells, Divination, vision, Wormtail, Hospital Wing, Dumbledore, Dumbledore's office, Cornelius Fudge, Bertha Jorkins, Madame Maxime, half-giant, Hagrid"
Harry Potter and the Goblet of Fire,30,"Dumbledore, Cornelius Fudge, Mad-Eye Moody, Harry Potter, Dumbledore's office, Pensieve, memories, Igor Karkaroff, Death Eaters, Professor Snape, Voldemort, Ludo Bagman, Lestrange family, Barty Crouch Junior, Cruciatus Curse, Alice Longbottom, Frank Longbottom, Azkaban, Bertha Jorkins, Hogwarts, Divination, Sirius Black, Hogsmeade, Ministry of Magic, Frank Bryce, Muggle, Neville Longbottom, grandmother"
Harry Potter and the Goblet of Fire,31,"Harry Potter, Pensieve, Ron Weasley, Hermione Granger, Neville Longbottom, Rita Skeeter, Winky, Ludo Bagman, Dark wizard, Voldemort, final exams, Professor McGonagall, Draco Malfoy, Sirius Black, third task, North Tower, Hogwarts, Dursleys, Molly Weasley, Bill Weasley, Amos Diggory, Mrs Diggory, Percy Weasley, Barty Crouch, Cornelius Fudge, Triwizard judge, Weasley children, Cedric Diggory, Four-Point Spell, Blast-Ended Skrewt, Boggart, Dementor, Fleur Delacour, Viktor Krum, sphinx, Acromantula, Triwizard Cup, Portkey, cemetery, Little Hangleton"
Harry Potter and the Goblet of Fire,32,"Harry Potter, Cedric Diggory, hooded stranger, Peter Pettigrew, Tom Riddle, marble tombstone, black cords, missing finger, deformed infant, cauldron, Harry's blood, bone dust, Tom Riddle Senior's grave, right hand, Lord Voldemort, physical form, powers, Sybill Trelawney, prophecy"
Harry Potter and the Goblet of Fire,33,"Voldemort, Wormtail, Peter Pettigrew, Dark Mark, Death Eaters, Harry Potter, Muggle orphanage, witch, Albus Dumbledore, wizarding society, silver hand, Lucius Malfoy, Lily Potter, protection spell, Albanian forest, Quirinus Quirrell, Philosopher's Stone, Albania, corporeal body, Bertha Jorkins, rats, Triwizard Tournament, memory charm, faithful Death Eater, Britain, Hogwarts, graveyard, duel, minions"
Harry Potter and the Goblet of Fire,34,"Voldemort, Harry Potter, duel, Dark Lord, Imperius Curse, Death Eaters, brother wands, phoenix feathers, Priori Incantatem, spirit echoes, Voldemort's victims, Harry's parents, Portkey, Hogwarts, Cedric Diggory's body"
Harry Potter and the Goblet of Fire,35,"Hogwarts, students, Cedric Diggory's body, Harry Potter, Dumbledore, Cornelius Fudge, Cedric's parents, Mad-Eye Moody, Moody's office, potion, Igor Karkaroff, faithful servant, Voldemort, Dark Mark, Death Eaters, Goblet of Fire, Hagrid, dragons, first task, gillyweed, Professor McGonagall, Dobby, Professor Snape, Neville Longbottom, Herbology book, third task, Fleur Delacour, Viktor Krum, Alastor Moody, pumpkin patch, black dog, Moody's trunk, seventh compartment, Polyjuice Potion, Barty Crouch Junior, Winky, Veritaserum, Azkaban, Barty Crouch Senior, Mrs Crouch, Imperius Curse, private funeral, Bertha Jorkins, Memory Charm, Quidditch World Cup, Invisibility Cloak, Top Box, Harry's wand, Wormtail, Peter Pettigrew, home imprisonment, Marauder's Map, potions ingredients, bone, Hagrid's yard, Triwizard Cup, Portkey"
Harry Potter and the Goblet of Fire,36,"Dumbledore, Harry Potter, Sirius Black, Professor McGonagall, Barty Crouch Junior, Professor Snape, Mad-Eye Moody, Hospital Wing, Cornelius Fudge, Dumbledore's office, Priori Incantatem, Voldemort's victims, dog, Sleeping Potion, Molly Weasley, Bill Weasley, Dementor, soul, evidence, Voldemort's return, Rita Skeeter, Harry's scar, Death Eaters, Daily Prophet, Dementors, Azkaban, giants, Dark Mark, Tournament winnings, Arthur Weasley, Ministry of Magic, Hagrid, Madame Maxime, Madam Pomfrey, Winky, Order of the Phoenix, Cedric Diggory, Triwizard Cup"
Harry Potter and the Goblet of Fire,37,"Harry Potter, Cedric Diggory's parents, Tournament winnings, Dumbledore, Rita Skeeter, Hagrid, Voldemort's return, Madame Maxime, Leaving Feast, memorial feast, graveyard, Ministry of Magic, Fleur Delacour, Viktor Krum, Ron Weasley, Hermione Granger, Hogwarts Express, King's Cross Station, Daily Prophet, unregistered animagus, beetle, Hospital Wing, third task, Yule Ball, Second Task, Divination, Draco Malfoy, Pansy Parkinson, tree, bug, Ministry, Crabbe, Goyle, hexes, Fred Weasley, George Weasley, blackmail, Ludo Bagman, Quidditch World Cup, Leprechaun gold, gambling, goblins, Triwizard Winnings, joke shop, Vernon Dursley"
Harry Potter and the Order of the Phoenix,1,"Harry Potter, 4 Privet Drive, Muggle, aunt, uncle, cousin, wizarding world, heat wave, walks, news, Lord Voldemort, Daily Prophet, Minister for Magic, Cornelius Fudge, Dudley Dursley, street gang, Cedric Diggory's death, wand, Dementors, Patronus Charm, Mrs Figg, cat-loving neighbour, Mundungus Fletcher, Order of the Phoenix, Disapparated"
Harry Potter and the Order of the Phoenix,2,"Mrs Figg, Squib, Harry Potter, Dudley Dursley, Privet Drive, Dumbledore, Mundungus Fletcher, Order of the Phoenix, Aunt Petunia, Uncle Vernon, Muggles, Dementors, Ministry of Magic, Hogwarts, underage magic, Arthur Weasley, August 12, hearing, wand, suspension, expelled, Vernon Dursley, Howler, Remember my last Petunia"
Harry Potter and the Order of the Phoenix,3,"Harry Potter, Sirius Black, Hermione Granger, Ron Weasley, locked, room, anger, Uncle Vernon, Aunt Petunia, Dudley Dursley, award ceremony, suburban lawn, England, Nymphadora Tonks, Advance Guard, Order of the Phoenix, Lord Voldemort, Death Eaters, Mad-Eye Moody, Remus Lupin, Kingsley Shacklebolt, The Burrow, broomsticks, cold night, headquarters, 12 Grimmauld Place"
Harry Potter and the Order of the Phoenix,4,"Harry Potter, 12 Grimmauld Place, London, Weasleys, Hermione Granger, Sirius Black, Order of the Phoenix, Mrs Weasley, Ron Weasley, Dumbledore, Fred Weasley, George Weasley, Apparition, Ginny Weasley, Severus Snape, Bill Weasley, Charlie Weasley, England, Fleur Delacour, Gringotts, English, foreign wizards, Percy Weasley, Arthur Weasley, Cornelius Fudge, Junior Assistant, Ministry of Magic, Molly Weasley, Daily Prophet, Rita Skeeter, attention-seeking liar, Dementor attack, hearing, expelled, Nymphadora Tonks, umbrella stand, portrait, cursing, curtains, Sirius's mother"
Harry Potter and the Order of the Phoenix,5,"Sirius Black, Number 12 Grimmauld Place, Black family, ancestral home, mother's death, Harry Potter, wanted criminal, Voldemort, Death Eaters, Animagus, Wormtail, Order of the Phoenix, Fred Weasley, George Weasley, cauldron, stew, butterbeer, breadboard, knife, magic, came of age, Bill Weasley, Arthur Weasley, Remus Lupin, goblins, Ludo Bagman, Mundungus Fletcher, Molly Weasley, Dumbledore, Ginny Weasley, low profile, army, rebirth, Ministry of Magic, Cornelius Fudge, Dumbledore's job, fourteen years, peace, credibility, murderer, werewolf, Daily Prophet, weapon, kids, bed"
Harry Potter and the Order of the Phoenix,6,"Harry Potter, Ron Weasley, Fred Weasley, George Weasley, Apparate, Voldemort, Mrs Weasley, Molly Weasley, cleaning, house, joke shop, money, Daily Prophet, Mundungus Fletcher, Kreacher, house-elf, House of Black, cursing, Hermione Granger, mudblood, Sirius Black, tapestry, family tree, Noble and Most Ancient House of Black, disowned, sixteen, James Potter, uncle, Regulus Black, Death Eater, purification, wizarding race, Muggle-borns, pure-bloods, Malfoys, Lucius Malfoy, Narcissa Malfoy, Nymphadora Tonks, Andromeda Tonks, Bellatrix Lestrange, Azkaban, Dumbledore's Pensieve, Barty Crouch Junior, protective enchantments, Dumbledore, security measures, Order of the Phoenix headquarters, hearing, Arthur Weasley, Ministry of Magic"
Harry Potter and the Order of the Phoenix,7,"Harry Potter, breakfast, Amelia Bones, hearing, Nymphadora Tonks, Sirius Black, temper, Hogwarts, expelled, Remus Lupin, underage wizards, magic, life-threatening situations, Arthur Weasley, Ministry of Magic, disciplinary hearing, London Underground, Apparate, telephone booth, Atrium, fountain, wizards, witches, magical creatures, fireplaces, Disapparate, lift, Department of Magical Law Enforcement, Kingsley Shacklebolt, Mr Weasley's office, Perkins, Courtroom Ten, basement, stairs"
Harry Potter and the Order of the Phoenix,8,"Harry Potter, courtroom, Dumbledore's Pensieve, Cornelius Fudge, Wizengamot, Percy Weasley, scribe, Dumbledore, trial, Dementors, convenient lie, Mrs Figg, witness, Dudley Dursley, Little Whinging, Ministry of Magic, extraordinary circumstances, Hover Charm, Dobby, Harry's aunt, rule-breaking, Hogwarts, authority, students, irregularity, trial, wand, charges, full Wizengamot, under-age magic, vote, cleared, charges, verdict"
Harry Potter and the Order of the Phoenix,9,"Harry Potter, Dumbledore, courtroom, Mr Weasley, Arthur Weasley, cleared, charges, Wizengamot, recognition, Cornelius Fudge, Percy Weasley, Grimmauld Place, assignment, Lucius Malfoy, Imperius Curse, acquittal, holidays, Hogwarts letters, Ron Weasley, Hermione Granger, prefects, Molly Weasley, broomstick, Diagon Alley, books, resentment, dinner party, Sirius Black, James Potter, fifth year, Remus Lupin, Boggart, Alastor Moody, Mad-Eye Moody, original Order of the Phoenix, photograph, family members, dead, worst fears, future, loved ones"
Harry Potter and the Order of the Phoenix,10,"Platform Nine and Three-Quarters, departure, guard, Mad-Eye Moody, Mrs Weasley, Molly Weasley, Fred Weasley, George Weasley, bewitching, trunks, Ginny Weasley, Harry Potter, Nymphadora Tonks, Sirius Black, Animagus, Hogwarts Express, Ron Weasley, Hermione Granger, prefects' carriage, compartment, Neville Longbottom, Luna Lovegood, Ravenclaw, prefects, Draco Malfoy, Pansy Parkinson, Slytherin, The Quibbler, tabloid magazine, father, editor, cronies, prefect, dogging around, Hogsmeade station, Hagrid, Professor Grubbly-Plank, first years, boats, carriage, winged horses, Thestrals"
Harry Potter and the Order of the Phoenix,11,"Harry Potter, school, winged horses, Hagrid's whereabouts, Ron Weasley, Luna Lovegood, Start-of-Term Feast, Sorting Hat, warning, new song, Dolores Umbridge, Senior Undersecretary, Minister for Magic, hearing, Defence Against the Dark Arts, Professor Grubbly-Plank, Dumbledore, start-of-term notices, speech, audience, Hermione Granger, Ministry of Magic, Hogwarts, Gryffindor Tower, Neville Longbottom, password, dormitory, Voldemort, Seamus Finnigan, Seamus's mother, Daily Prophet, Dean Thomas, Muggle, grandmother, subscription, fights"
Harry Potter and the Order of the Phoenix,12,"Harry Potter, Ron Weasley, Hermione Granger, common room, Fred Weasley, George Weasley, advertising posters, Seamus Finnigan, Lavender Brown, Voldemort's return, Angelina Johnson, Oliver Wood, Quidditch team captain, tryouts, Keeper, Daily Prophet subscription, joke products, students, O.W.L.s, N.E.W.T.s, seventh year, Career Advice sessions, classes, homework, Cho Chang, Defence Against the Dark Arts, Dolores Umbridge, Ministry-approved theory, risk-free way, dangerous half-breed, Remus Lupin, Gryffindor house points, detention, outburst, Professor McGonagall, McGonagall's office, note, temper, trouble, Umbridge's position, week"
Harry Potter and the Order of the Phoenix,13,"Harry Potter, students, Dolores Umbridge's class, dinner, snide remarks, Great Hall, Hermione Granger, Dumbledore's speech, Voldemort's return, Ministry of Magic, interference, common room, Cornelius Fudge, spy, Fred Weasley, George Weasley, joke products, first year students, mother, woolly hats, house-elves, S.P.E.W., Ordinary Wizarding Level exams, O.W.L.s, homework, Hagrid, Professor Grubbly-Plank, Care of Magical Creatures, Draco Malfoy, sacked, Lucius Malfoy, Hogwarts Castle, Angelina Johnson, detention, Quidditch team, tryouts, Defence Against the Dark Arts, I must not tell lies, blood, temper, outburst, Ron Weasley, broom, Keeper, Professor McGonagall, scar hurting, Sirius Black, intercepted"
Harry Potter and the Order of the Phoenix,14,"Saturday morning, Hermione Granger, Harry Potter, letter, Sirius Black, detention, Hagrid, coded words, Hedwig, winged horses, Cho Chang, Dolores Umbridge, Argus Filch, Dungbombs, breakfast, Daily Prophet, Ministry of Magic, London, Lucius Malfoy, Animagus, King's Cross Station, Sturgis Podmore, Order of the Phoenix, arrested, top secret room, guard duty, Platform Nine and Three-Quarters, Ron Weasley, Quidditch training, Draco Malfoy, Gryffindor team, Katie Bell, Hospital Wing, homework, Percy Weasley, prefect, bad influence, Dumbledore, mass murderer, Crookshanks, Common Room, Floo Network, intercepted, code, scar, Death Eater, racial hatred, half-breeds, Remus Lupin, werewolf, anti-werewolf legislation, defensive theory, textbook reading, Cornelius Fudge, combat, army, paranoia, arrest, Olympe Maxime, Madame Maxime, separated, Hogsmeade trip"
Harry Potter and the Order of the Phoenix,15,"Dolores Umbridge, spy, High Inquisitor, Educational Decrees, racial hatred, half-breeds, centaurs, werewolves, merpeople, professors, Fred Weasley, George Weasley, Lee Jordan, Ordinary Wizarding Level grades, Hermione Granger, Professor Flitwick, Divination, Sybill Trelawney, prediction, Defence Against the Dark Arts, Quirinus Quirrell, Ministry inspection, Harry Potter, Voldemort, detentions, Angelina Johnson, Professor McGonagall, house points, Transfiguration, inspection, disdain, Wilhelmina Grubbly-Plank, Care of Magical Creatures, Draco Malfoy, Hippogriff, Rubeus Hagrid, final detention, secretly teach, students, past accomplishments, escaping Voldemort"
Harry Potter and the Order of the Phoenix,16,"Hog's Head, meeting, Harry Potter, Defence lessons, Neville Longbottom, Dean Thomas, Lavender Brown, Parvati Patil, Padma Patil, Cho Chang, Luna Lovegood, Katie Bell, Alicia Spinnet, Angelina Johnson, Colin Creevey, Dennis Creevey, Ernie Macmillan, Justin Finch-Fletchley, Hannah Abbott, Susan Bones, Anthony Goldstein, Michael Corner, Terry Boot, Ginny Weasley, Zacharias Smith, Hufflepuff Quidditch team, Fred Weasley, George Weasley, Lee Jordan, defensive magic, Hermione Granger, parchment, agreement, secret group"
Harry Potter and the Order of the Phoenix,17,"Dolores Umbridge, Educational Decree, Hogwarts High Inquisitor, Hogwarts, Hog's Head, Harry Potter, Hermione Granger, Angelina Johnson, Quidditch, Slytherin, Gryffindor, History of Magic, Hedwig, Sirius Black, Grubbly-Plank, Professor McGonagall, Floo Network, Owl Postal Service, Potions, Draco Malfoy, St Mungo's Hospital for Magical Maladies and Injuries, Neville Longbottom, Ron Weasley, Snape, Strengthening Solution, Divination, Professor Trelawney, Gryffindor common room"
Harry Potter and the Order of the Phoenix,18,"Hermione Granger, Dolores Umbridge, Harry Potter, Hedwig, Angelina Johnson, Gryffindor Quidditch team, Dobby, Room of Requirement, Dumbledore's Army, D.A., Ministry of Magic, Albus Dumbledore, Disarming Charm"
Harry Potter and the Order of the Phoenix,19,"Impediment Jinx, Reductor Curse, Stunning Spell, Hermione Granger, Protean Charm, D.A., Harry Potter, Gryffindor Quidditch team, Slytherin, Ron Weasley, Draco Malfoy, Fred Weasley, George Weasley, Dolores Umbridge, Hagrid"
Harry Potter and the Order of the Phoenix,20,"Hagrid, Ron Weasley, Harry Potter, Hermione Granger, dragon meat, Olympe Maxime, giants, Eastern Europe, Albus Dumbledore, Karkus, Gurg, Golgomath, Death Eaters, Order of the Phoenix, Care of Magical Creatures, Dolores Umbridge"
Harry Potter and the Order of the Phoenix,21,"Hagrid, Dolores Umbridge, Thestrals, Harry Potter, Fred Weasley, George Weasley, Quidditch, Ginny Weasley, Gryffindor, Seeker, Andrew Kirke, Jack Sloper, Beaters, Dumbledore's Army, Impediment Jinx, Stunning Spell, Christmas, Cho Chang, mistletoe, Ron Weasley, Arthur Weasley, Ministry of Magic, snake"
Harry Potter and the Order of the Phoenix,22,"Albus Dumbledore, Harry Potter, Ron Weasley, Professor McGonagall, Hogwarts, Arthur Weasley, St Mungo's Hospital for Magical Maladies and Injuries, Fred Weasley, George Weasley, Ginny Weasley, 12 Grimmauld Place, Portkey, Sirius Black, Mad-Eye Moody, Nymphadora Tonks, Blood-Replenishing Potion, werewolf, Healers, Extendable Ears, Voldemort"
Harry Potter and the Order of the Phoenix,23,"Voldemort, Harry Potter, Albus Dumbledore, Hermione Granger, Weasley family, 12 Grimmauld Place, Christmas, Ginny Weasley, Percy Weasley, Weasley jumper, Molly Weasley, Ron Weasley, Neville Longbottom, St Mungo's Hospital for Magical Maladies and Injuries, Defence Against the Dark Arts, Gilderoy Lockhart"
Harry Potter and the Order of the Phoenix,24,"Harry Potter, Weasley family, Hogwarts, Knight Bus, Arthur Weasley, Albus Dumbledore, Severus Snape, Occlumency, Department of Mysteries"
Harry Potter and the Order of the Phoenix,25,"Azkaban, Broderick Bode, Devil's Snare, St Mungo's Hospital for Magical Maladies and Injuries, Hagrid, Dolores Umbridge, Harry Potter, Cho Chang, Madam Puddifoot's Tea Shop, Hermione Granger, Three Broomsticks Inn, Rita Skeeter, Animagus, Voldemort, Luna Lovegood, Xenophilius Lovegood, The Quibbler"
Harry Potter and the Order of the Phoenix,26,"Hermione Granger, Harry Potter, Cho Chang, Ministry of Magic, Department of Mysteries, Voldemort, The Quibbler, Dolores Umbridge, Hogsmeade, wizarding community, Augustus Rookwood, Broderick Bode, Avery II, Occlumency, Severus Snape, Shield Charm, Professor Trelawney, Albus Dumbledore, Divination, Firenze, centaur"
Harry Potter and the Order of the Phoenix,27,"Harry Potter, Firenze, Divination, centaur, Professor Trelawney, Astrology, Forbidden Forest, Hogwarts, D.A., Patronus Charm, Dobby, Dolores Umbridge, Draco Malfoy, Albus Dumbledore, Professor McGonagall, Cornelius Fudge, Aurors, John Dawlish, Kingsley Shacklebolt, Percy Weasley, Marietta Edgecombe, Cho Chang, Room of Requirement, Dumbledore's Army, Ministry of Magic, Fawkes"
Harry Potter and the Order of the Phoenix,28,"Dolores Umbridge, Headmistress, Inquisitorial Squad, Harry Potter, Albus Dumbledore, Sirius Black, Floo Network, Ministry of Magic, Fred Weasley, George Weasley, Wildfire Whiz-bangs, Cho Chang, Marietta Edgecombe, Occlumency, Severus Snape, Pensieve, James Potter, Lily Evans"
Harry Potter and the Order of the Phoenix,29,"Harry Potter, fifth years, career advice, Professor McGonagall, Auror, Dolores Umbridge, Fred Weasley, George Weasley, Remus Lupin, Sirius Black, James Potter, Severus Snape, Hogwarts, broomsticks, Diagon Alley, Weasleys' Wizard Wheezes"
Harry Potter and the Order of the Phoenix,30,"Fred Weasley, George Weasley, Hogwarts, Harry Potter, Ron Weasley, Hermione Granger, Triwizard Tournament, Gryffindor, Quidditch, Ravenclaw, Hagrid, Grawp, Dolores Umbridge, Albus Dumbledore, centaurs, Firenze, Divination, Forbidden Forest, Quidditch Cup"
Harry Potter and the Order of the Phoenix,31,"Harry Potter, Hermione Granger, Ron Weasley, Grawp, O.W.L. examinations, Astronomy, Dolores Umbridge, Aurors, Hagrid, Hogwarts, Sybill Trelawney, Minerva McGonagall, St Mungo's Hospital for Magical Maladies and Injuries, History of Magic, Sirius Black, Voldemort, Department of Mysteries"
Harry Potter and the Order of the Phoenix,32,"Harry Potter, Ron Weasley, Hermione Granger, Sirius Black, Dolores Umbridge, Kreacher, Department of Mysteries, Inquisitorial Squad, Severus Snape, Veritaserum, Cruciatus Curse, Dementors, Albus Dumbledore, Forbidden Forest"
Harry Potter and the Order of the Phoenix,33,"Hermione Granger, Harry Potter, Dolores Umbridge, Forbidden Forest, centaurs, Skirmish in the Forbidden Forest, Hagrid, Grawp, Ron Weasley, Luna Lovegood, Ginny Weasley, Neville Longbottom, Inquisitorial Squad, Sirius Black, Ministry of Magic, Thestrals"
Harry Potter and the Order of the Phoenix,34,"Ministry of Magic, Department of Mysteries, Hall of Prophecy, Harry Potter, prophecy, Death Eaters"
Harry Potter and the Order of the Phoenix,35,"Lucius Malfoy, Voldemort, Harry Potter, prophecy, Death Eaters, Death Chamber, Order of the Phoenix, Sirius Black, Bellatrix Lestrange, Remus Lupin"
Harry Potter and the Order of the Phoenix,36,"Albus Dumbledore, Death Eaters, Bellatrix Lestrange, Harry Potter, Ministry of Magic, Cruciatus Curse, Voldemort, Disapparate, Sirius Black, Cornelius Fudge, Hogwarts, Portkey"
Harry Potter and the Order of the Phoenix,37,"Albus Dumbledore, Harry Potter, Sirius Black, Occlumency, Severus Snape, Kreacher, Buckbeak, Narcissa Malfoy, Bellatrix Lestrange, prophecy, Dark Lord, Voldemort, Neville Longbottom, half-blood, pureblood, prefect"
Harry Potter and the Order of the Phoenix,38,"Ron Weasley, Hermione Granger, Ministry of Magic, Cornelius Fudge, Voldemort, Harry Potter, Rita Skeeter, Daily Prophet, Professor McGonagall, St Mungo's Hospital for Magical Maladies and Injuries, Hagrid, Sirius Black, Dolores Umbridge, Hogwarts, two-way mirror, Nearly Headless Nick, Luna Lovegood, Thestrals, Veil, Hogwarts Express, Draco Malfoy, Vincent Crabbe, Gregory Goyle, Dumbledore's Army, Cho Chang, Michael Corner, Ginny Weasley, Gryffindor, Ravenclaw, Dean Thomas, King's Cross Station, Mad-Eye Moody, Nymphadora Tonks, Remus Lupin, Dursley family"
Harry Potter and the Half-Blood Prince,1,"Muggle Prime Minister, Cornelius Fudge, Sirius Black, Azkaban, Quidditch World Cup, Triwizard Tournament, Brockdale Bridge, West Country, Amelia Bones, Emmeline Vance, Herbert Chorley, Lord Voldemort, Death Eaters, Giants, Second Wizarding War, Rufus Scrimgeour, Minister for Magic"
Harry Potter and the Half-Blood Prince,2,"Narcissa Malfoy, Bellatrix Lestrange, Severus Snape, Spinner's End, Draco Malfoy, Lord Voldemort, Death Eaters, Battle of the Department of Mysteries, Ministry of Magic, Hogwarts, Philosopher's Stone, Quirinus Quirrell, Harry Potter, Albus Dumbledore, Lucius Malfoy, Unbreakable Vow"
Harry Potter and the Half-Blood Prince,3,"Albus Dumbledore, Harry Potter, 4 Privet Drive, The Burrow, Sirius Black, Black family, 12 Grimmauld Place, Order of the Phoenix, Kreacher, Hogwarts, Dursleys"
Harry Potter and the Half-Blood Prince,4,"Albus Dumbledore, Harry Potter, Hogwarts, Horace Slughorn, Death Eaters, Professor Quirrell, Lord Voldemort, Order of the Phoenix, Slug Club, The Burrow"
Harry Potter and the Half-Blood Prince,5,"The Burrow, Weasley family, Fred Weasley, George Weasley, Ron Weasley, Hermione Granger, Ginny Weasley, Fleur Delacour, Gringotts, Bill Weasley, Arthur Weasley, O.W.L. results, Auror, Severus Snape, N.E.W.T. Potions class"
Harry Potter and the Half-Blood Prince,6,"The Burrow, Harry Potter, Hermione Granger, Weasley family, Diagon Alley, Rubeus Hagrid, Draco Malfoy, Narcissa Malfoy, Madam Malkin's, Weasleys' Wizard Wheezes, Fred Weasley, George Weasley, Ginny Weasley, Pygmy Puff, Invisibility Cloak, Knockturn Alley, Borgin and Burkes, Borgin, Dark artefacts, Dark Mark, Death Eaters, Fenrir Greyback, Ron Weasley"
Harry Potter and the Half-Blood Prince,7,"Hogwarts Express, Harry Potter, Neville Longbottom, Luna Lovegood, Ron Weasley, Hermione Granger, Prefect Carriage, Ginny Weasley, Dean Thomas, Horace Slughorn, Hogsmeade Station, Invisibility Cloak, Draco Malfoy, Vincent Crabbe, Gregory Goyle, Pansy Parkinson, Blaise Zabini, Death Eaters, Lord Voldemort"
Harry Potter and the Half-Blood Prince,8,"Nymphadora Tonks, Ministry of Magic, Hogsmeade, Harry Potter, Severus Snape, Start-of-Term Feast, Albus Dumbledore, Defence Against the Dark Arts, Horace Slughorn, Potions Master, Ron Weasley, O.W.L."
Harry Potter and the Half-Blood Prince,9,"Harry Potter, Ron Weasley, Hermione Granger, Charms, Defence Against the Dark Arts, Herbology, Potions, Transfiguration, N.E.W.T., Severus Snape, Advanced Potion-Making, Horace Slughorn, Half-Blood Prince, Draught of Living Death, Felix Felicis, Ginny Weasley, Tom Riddle"
Harry Potter and the Half-Blood Prince,10,"Albus Dumbledore, Harry Potter, Lord Voldemort, The Pensieve, Bob Ogden, Marvolo Gaunt, Morfin Gaunt, Ministry of Magic, Tom Riddle, Merope Gaunt, Azkaban"
Harry Potter and the Half-Blood Prince,11,"Harry Potter, Gryffindor Quidditch Captain, Quidditch Cup, Gryffindor, Ravenclaw, Hufflepuff, Katie Bell, Ginny Weasley, Ron Weasley, Cormac McLaggen, Hermione Granger, Rubeus Hagrid, Care of Magical Creatures, Great Hall, Confundus Charm, Horace Slughorn, Slug Club, Severus Snape"
Harry Potter and the Half-Blood Prince,12,"Harry Potter, Half-Blood Prince, Levicorpus, Ron Weasley, Hermione Granger, Hogsmeade, Katie Bell, necklace, Borgin and Burkes, Draco Malfoy, Minerva McGonagall"
Harry Potter and the Half-Blood Prince,13,"Albus Dumbledore, Harry Potter, Caractacus Burke, Salazar Slytherin, Merope Gaunt, Tom Riddle, orphanage, Lord Voldemort"
Harry Potter and the Half-Blood Prince,14,"Ron Weasley, Hermione Granger, Harry Potter, Slughorn, Christmas party, Cho Chang, Katie Bell, Dean Thomas, Quidditch team, Ginny Weasley, Viktor Krum, Felix Felicis, Gryffindor, Slytherin, Lavender Brown, Oppugno Jinx"
Harry Potter and the Half-Blood Prince,15,"Horace Slughorn, Harry Potter, Hermione Granger, Romilda Vane, Luna Lovegood, Cormac McLaggen, Ron Weasley, Draco Malfoy, Severus Snape"
Harry Potter and the Half-Blood Prince,16,"Harry Potter, Ron Weasley, Arthur Weasley, Remus Lupin, Severus Snape, Draco Malfoy, Albus Dumbledore, Rufus Scrimgeour, The Burrow, Ministry of Magic"
Harry Potter and the Half-Blood Prince,17,"Harry Potter, Ginny Weasley, Dean Thomas, Hermione Granger, Draco Malfoy, Severus Snape, Fenrir Greyback, Remus Lupin, Borgin and Burkes, Lord Voldemort, Death Eaters, Hogwarts, Morfin Gaunt, Slughorn, Horcruxes, Muggle ancestors, Riddle family, Marauder's Map"
Harry Potter and the Half-Blood Prince,18,"Harry Potter, Apparition lessons, Wilkie Twycross, Ministry of Magic, Ron Weasley, Chocolate Cauldrons, love potion, Romilda Vane, Horace Slughorn, Romilda, Madam Rosmerta, Mulled Mead, Albus Dumbledore, Bezoar"
Harry Potter and the Half-Blood Prince,19,"Ron Weasley, Hermione Granger, Ginny Weasley, Rubeus Hagrid, Harry Potter, Albus Dumbledore, Severus Snape, Cormac McLaggen, Lavender Brown, Quidditch match, Luna Lovegood, Kreacher, Dobby, Draco Malfoy"
Harry Potter and the Half-Blood Prince,20,"Albus Dumbledore, Harry Potter, Horace Slughorn, Tom Riddle, Salazar Slytherin, Helga Hufflepuff, Hepzibah Smith, Hogwarts, Defence Against the Dark Arts"
Harry Potter and the Half-Blood Prince,21,"Ron Weasley, Lavender Brown, Harry Potter, Kreacher, Dobby, Draco Malfoy, Room of Requirement, Marauder's Map, Hermione Granger, Hogsmeade, Apparition test"
Harry Potter and the Half-Blood Prince,22,"Harry Potter, Horace Slughorn, Ron Weasley, Felix Felicis, Rubeus Hagrid, Aragog, Hagrid's hut, Acromantula venom"
Harry Potter and the Half-Blood Prince,23,"Horace Slughorn, Tom Riddle, Horcruxes, Lord Voldemort, Albus Dumbledore, diary, Gaunt's ring, locket, Helga Hufflepuff's cup, Rowena Ravenclaw, Nagini, Harry Potter"
Harry Potter and the Half-Blood Prince,24,"Harry Potter, Ginny Weasley, Dean Thomas, Ron Weasley, Katie Bell, necklace, Imperius Curse, Rosmerta's Pub, Hogsmeade, Draco Malfoy, Half-Blood Prince, Severus Snape, Gryffindor, Quidditch Cup"
Harry Potter and the Half-Blood Prince,25,"Albus Dumbledore, Harry Potter, Divination, Professor Trelawney, Room of Requirement, Draco Malfoy, Severus Snape, Lord Voldemort, prophecy, Harry's parents, Horcrux, Salazar Slytherin's locket, Ron Weasley, Hermione Granger, Felix Felicis"
Harry Potter and the Half-Blood Prince,26,"Albus Dumbledore, Harry Potter, Lord Voldemort, cave, lake, locket, emerald green potion, Inferi, Hogsmeade, Dark Mark, astronomy tower, Hogwarts"
Harry Potter and the Half-Blood Prince,27,"Albus Dumbledore, Harry Potter, Invisibility Cloak, Draco Malfoy, Death Eaters, vanishing cabinets, Borgin, cursed necklace, poisoned mead, Lord Voldemort, Severus Snape, Hogwarts"
Harry Potter and the Half-Blood Prince,28,"Harry Potter, Severus Snape, Half-Blood Prince, Tobias Snape, Eileen Prince, Hogwarts, Death Eaters, Buckbeak, Hippogriff, Draco Malfoy, Albus Dumbledore, locket, R.A.B."
Harry Potter and the Half-Blood Prince,29,"Harry Potter, Ginny Weasley, Bill Weasley, Death Eater, Fenrir Greyback, Fleur Delacour, Mrs. Weasley, Nymphadora Tonks, Remus Lupin, Severus Snape, Albus Dumbledore, Professor McGonagall, Ron Weasley, Hermione Granger, Half-Blood Prince"
Harry Potter and the Half-Blood Prince,30,"Harry Potter, Ginny Weasley, Hermione Granger, Rufus Scrimgeour, Ron Weasley, Albus Dumbledore, Lord Voldemort, Horcruxes, Hogwarts"
Harry Potter and the Deathly Hallows,1,"Lord Voldemort, Death Eaters, Malfoy Manor, Harry Potter, 4 Privet Drive, Lucius Malfoy, Charity Burbage, Hogwarts, Muggle Studies, Bellatrix Lestrange, Severus Snape, Albus Dumbledore, Corban Yaxley, Ministry of Magic, Imperius Curse"
Harry Potter and the Deathly Hallows,2,"Harry Potter, Albus Dumbledore, Percival Dumbledore, Muggles, Azkaban, Rita Skeeter, Ariana Dumbledore, Gellert Grindelwald"
Harry Potter and the Deathly Hallows,3,"Harry Potter, Petunia Dursley, Vernon Dursley, Dudley Dursley, Death Eaters, Order of the Phoenix, Dedalus Diggle, Hestia Jones"
Harry Potter and the Deathly Hallows,4,"Harry Potter, Ron Weasley, Fred Weasley, George Weasley, Hermione Granger, Fleur Delacour, Mundungus Fletcher, Nymphadora Tonks, Arthur Weasley, Remus Lupin, Kingsley Shacklebolt, Bill Weasley, Alastor Moody, Rubeus Hagrid, Sirius Black, Death Eaters, Voldemort, Hedwig, Stan Shunpike, Lucius Malfoy, Polyjuice Potion, broomsticks, Thestrals"
Harry Potter and the Deathly Hallows,5,"Harry Potter, Rubeus Hagrid, Nymphadora Tonks, Ted Tonks, Andromeda Tonks, The Burrow, Hedwig, Death Eaters, George Weasley, Severus Snape, Mad-Eye Moody, Lord Voldemort, Garrick Ollivander, wands, Killing Curse"
Harry Potter and the Deathly Hallows,6,"Harry Potter, Ron Weasley, Hermione Granger, The Burrow, Bill Weasley, Fleur Delacour, Molly Weasley, Lord Voldemort, Horcruxes, Albus Dumbledore"
Harry Potter and the Deathly Hallows,7,"Harry Potter, Lord Voldemort, Gregorovitch, Hermione Granger, Sneakoscope, Ginny Weasley, Ron Weasley, Rufus Scrimgeour, The Burrow, Albus Dumbledore, Deluminator, The Tales of Beedle the Bard, Godric Gryffindor's Sword, Golden Snitch, Bill Weasley, Fleur Delacour, Hogwarts, Quidditch"
Harry Potter and the Deathly Hallows,8,"Harry Potter, Ron Weasley, Hermione Granger, Barny Weasley, Elphias Doge, Muriel, Albus Dumbledore, Ariana Dumbledore, Aberforth Dumbledore, Kingsley Shacklebolt, Patronus, Voldemort, Ministry of Magic, Rufus Scrimgeour, The Burrow, Bill Weasley, Fleur Delacour"
Harry Potter and the Deathly Hallows,9,"Harry Potter, Ron Weasley, Hermione Granger, Death Eaters, 12 Grimmauld Place, Order of the Phoenix, Severus Snape, Tottenham Court Road, Muggle London, café"
Harry Potter and the Deathly Hallows,10,"Harry Potter, Hermione Granger, Ron Weasley, Regulus Arcturus Black, Sirius Black, Death Eaters, R.A.B., Horcrux, Locket, Kreacher, Voldemort, Mundungus Fletcher, Black family"
Harry Potter and the Deathly Hallows,11,"Harry Potter, Hermione Granger, Ron Weasley, Kreacher, Mundungus Fletcher, Remus Lupin, Nymphadora Tonks, Voldemort, Death Eaters, Ministry of Magic, Muggle-born wizards and witches, Dumbledore, Dolores Umbridge, 12 Grimmauld Place, Horcrux, Locket"
Harry Potter and the Deathly Hallows,12,"Harry Potter, Hermione Granger, Ron Weasley, Mafalda Hopkirk, Reginald Cattermole, Albert Runcorn, Polyjuice Potion, Ministry of Magic, Horcrux, Dolores Umbridge"
Harry Potter and the Deathly Hallows,13,"Harry Potter, Hermione Granger, Ron Weasley, Alastor Moody, Alastor's magical eye, Dolores Umbridge, Corban Yaxley, Death Eaters, Muggle-Born Registration Commission, Horcrux, Ministry of Magic, Muggle-borns"
Harry Potter and the Deathly Hallows,14,"Harry Potter, Ron Weasley, Hermione Granger, Voldemort, Gregorovitch, Horcrux"
Harry Potter and the Deathly Hallows,15,"Harry Potter, Hermione Granger, Ron Weasley, Ted, Dirk Cresswell, Dean Thomas, Griphook, Gornuk, Godric Gryffindor's sword, Dumbledore, Lestrange Vault, Snape, Rubeus Hagrid, Phineas Nigellus Black, Marvolo Gaunt's ring, Horcrux, basilisk venom, locket Horcrux"
Harry Potter and the Deathly Hallows,16,"Harry Potter, Hermione Granger, Ron Weasley, Godric's Hollow, Dumbledore, Bathilda Bagshot, A History of Magic, Harry's parents, Dumbledore's family, graveyard, memorial"
Harry Potter and the Deathly Hallows,17,"Harry Potter, Hermione Granger, Bathilda Bagshot, Gellert Grindelwald, Dumbledore, Voldemort, Nagini, Gryffindor's sword, Parseltongue, Harry's wand, lightning scar, Harry's parents, Apparition"
Harry Potter and the Deathly Hallows,18,"Harry Potter, Hermione Granger, Forest of Dean, Rita Skeeter, The Life and Lies of Albus Dumbledore, Gellert Grindelwald, Albus Dumbledore, Muggles"
Harry Potter and the Deathly Hallows,19,"Harry Potter, Hermione Granger, Ron Weasley, silver doe Patronus, Godric Gryffindor's Sword, Salazar Slytherin's locket, Tom Riddle, Riddle-Harry, Riddle-Hermione, Deluminator, Snatchers, Stan Shunpike"
Harry Potter and the Deathly Hallows,20,"Harry Potter, Hermione Granger, Ron Weasley, Deluminator, Voldemort, The Tales of Beedle the Bard, Xenophilius Lovegood, Grindelwald, Ottery St Catchpole"
Harry Potter and the Deathly Hallows,21,"Harry Potter, Ron Weasley, Hermione Granger, Lovegood House, Xenophilius Lovegood, Luna Lovegood, Deathly Hallows, Elder Wand, Resurrection Stone, Invisibility Cloak, Death, Ministry of Magic, Death Eaters"
Harry Potter and the Deathly Hallows,22,"Harry Potter, Ron Weasley, Hermione Granger, Voldemort, Snatchers, Potterwatch, Lee Jordan, Daily Prophet"
Harry Potter and the Deathly Hallows,23,"Harry Potter, Ron Weasley, Hermione Granger, Malfoy Manor, Draco Malfoy, Lucius Malfoy, Bellatrix Lestrange, Godric Gryffindor's Sword, Dean Thomas, Griphook, Garrick Ollivander, Luna Lovegood, Dumbledore's eye, Dobby, Wormtail (Peter Pettigrew), Voldemort, Shell Cottage, Bill Weasley, Fleur Delacour"
Harry Potter and the Deathly Hallows,24,"Harry Potter, Ron Weasley, Hermione Granger, Dobby, Bill Weasley, Griphook, Dean Thomas, Luna Lovegood, Garrick Ollivander, Gringotts Wizarding Bank, Bellatrix Lestrange, Godric Gryffindor's Sword, Elder Wand, Voldemort, Dumbledore"
Harry Potter and the Deathly Hallows,25,"Harry Potter, Ron Weasley, Hermione Granger, Griphook, Godric Gryffindor's Sword, Remus Lupin, Nymphadora Tonks, Teddy Lupin, Bill Weasley, Shell Cottage"
Harry Potter and the Deathly Hallows,26,"Harry Potter, Ron Weasley, Hermione Granger, Griphook, Bellatrix Lestrange, Godric Gryffindor's Sword, Helga Hufflepuff's Cup, Thief's Downfall, Gringotts Wizarding Bank, dragon"
Harry Potter and the Deathly Hallows,27,"Harry Potter, Ron Weasley, Hermione Granger, Lord Voldemort, Gringotts Wizarding Bank, Horcruxes, Rowena Ravenclaw, Hogwarts Castle, Hogsmeade"
Harry Potter and the Deathly Hallows,28,"Harry Potter, Ron Weasley, Hermione Granger, Death Eaters, Aberforth Dumbledore, Albus Dumbledore, Ariana Dumbledore, Percival Dumbledore, Kendra Dumbledore, Gellert Grindelwald"
Harry Potter and the Deathly Hallows,29,"Harry Potter, Ron Weasley, Hermione Granger, Neville Longbottom, Ginny Weasley, Luna Lovegood, Dumbledore's Army (D.A.), Severus Snape, Fred Weasley, George Weasley, Cho Chang, Rowena Ravenclaw, Ravenclaw Tower, Rowena Ravenclaw's Diadem, Alecto Carrow"
Harry Potter and the Deathly Hallows,30,"Harry Potter, Luna Lovegood, Amycus Carrow, Minerva McGonagall, Severus Snape, Voldemort, Death Eaters, Dementors, Kingsley Shacklebolt, Dumbledore's Army (D.A.), Order of the Phoenix, Hogwarts teachers, enchanted statues, enchanted suits of armour"
Harry Potter and the Deathly Hallows,31,"Harry Potter, Ron Weasley, Hermione Granger, Grey Lady (Helena Ravenclaw), Basilisk fangs, Chamber of Secrets, Room of Requirement, Room of Hidden Things, Draco Malfoy, Vincent Crabbe, Gregory Goyle, Fiendfyre, Fred Weasley, Percy Weasley, Death Eaters, Pius Thicknesse, Voldemort, Nagini, Acromantulas, Giants, Fenrir Greyback, Lavender Brown, Sybill Trelawney, Seamus Finnigan, Luna Lovegood, Ernie Macmillan"
Harry Potter and the Deathly Hallows,32,"Harry Potter, Hermione Granger, Ron Weasley, Shrieking Shack, Voldemort, Severus Snape, Elder Wand, Nagini, Dumbledore, Lily Potter, Remus Lupin, Nymphadora Tonks, Colin Creevey, Fred Weasley, Dumbledore's office"
Harry Potter and the Deathly Hallows,33,"Harry Potter, Severus Snape, Lily Evans/Potter, James Potter, Sirius Black, Voldemort/Tom Riddle, Albus Dumbledore, Wormtail/Peter Pettigrew, Death Eaters, Draco Malfoy, Gryffindor, Slytherin, Dumbledore's ring, Parseltongue, Horcrux, Patronus, Sword of Gryffindor, Lake (where sword was hidden)"
Harry Potter and the Deathly Hallows,34,"Harry Potter, Severus Snape, Albus Dumbledore, Voldemort/Tom Riddle, Neville Longbottom, Nagini, Golden Snitch, Resurrection Stone, James Potter, Lily Potter/Evans, Sirius Black, Remus Lupin, Invisibility Cloak, Horcrux"
Harry Potter and the Deathly Hallows,35,"Harry Potter, Albus Dumbledore, Voldemort/Tom Riddle, Lily Potter/Evans, Little Hangleton, Horcrux, Deathly Hallows, Grindelwald, Dumbledore’s sister Ariana, King's Cross Station"
Harry Potter and the Deathly Hallows,36,"Voldemort, Harry Potter, Narcissa Malfoy, Draco Malfoy, Death Eaters, Hagrid, Hogwarts, Neville Longbottom, Sorting Hat, Centaurs, Invisibility Cloak, Nagini, Gryffindor's Sword, Great Hall, Dumbledore's Army, Order of the Phoenix, Minerva McGonagall, Horace Slughorn, Kingsley Shacklebolt, Bellatrix Lestrange, Ginny Weasley, Luna Lovegood, Hermione Granger, Mrs Weasley, Elder Wand, Severus Snape, Ollivander, Tom Riddle, Dumbledore, Ron Weasley, Resurrection Stone, Dumbledore's portrait, Harry's wand"
Harry Potter and the Deathly Hallows,Epilogue,"Harry Potter, Ginny Weasley, Hermione Granger, Ron Weasley, King's Cross Station, Hogwarts, Neville Longbottom, James Sirius Potter, Albus Severus Potter, Lily Luna Potter, Rose Weasley, Hugo Weasley, Draco Malfoy, Astoria Greengrass, Scorpius Malfoy, Ted Lupin, Victoire Weasley, Sorting Hat"